{"scale_": [6.55888642528406e-11, 6.630911140489967e-10, 6.084093441351647e-10, 6.422971763079169e-05], "min_": [-0.004313808001887547, 0.0, -0.00029115200140928055, -6.460614893482532e-06], "data_min_": [65770433.0, 0.0, 478546.23571428575, 0.10058607030813595], "data_max_": [15312260998.0, 1508088374.0, 1644108792.2857144, 15569.217762456594], "data_range_": [15246490565.0, 1508088374.0, 1643630246.0500002, 15569.117176386286], "feature_range": [0, 1]}